wage,exper,union,service,educ,looks,sex,race,status,health
5.73,30,no,no,14,4,female,white,married,good
4.28,28,no,no,12,3,female,white,married,good
7.96,35,no,no,10,4,female,white,single,good
11.57,38,no,no,16,3,male,white,married,good
11.42,27,no,no,16,3,male,white,married,good
3.91,20,no,no,12,3,female,white,married,bad
8.76,12,no,no,16,3,male,white,married,good
7.69,5,no,no,16,4,male,white,single,good
5.0,5,no,no,16,3,female,white,single,good
3.89,12,no,no,12,3,female,white,single,good
3.45,3,no,no,12,4,female,white,single,good
4.03,6,no,no,16,4,male,white,married,good
5.14,19,no,no,17,2,male,white,married,good
3.0,8,no,no,16,3,male,white,single,good
7.99,12,no,no,16,4,male,white,married,good
6.01,17,no,no,16,4,male,white,married,good
5.16,7,no,no,17,3,male,white,married,good
11.54,12,no,no,17,4,male,white,married,good
10.44,10,no,no,17,4,female,white,single,good
7.69,7,no,no,16,3,female,white,married,good
7.69,7,no,no,17,4,male,white,single,good
6.79,19,no,no,14,3,male,white,married,good
6.87,33,no,no,12,3,male,white,married,good
17.03,32,no,no,13,3,male,white,married,good
10.05,12,no,no,13,4,male,white,married,good
15.81,24,no,no,17,4,male,white,married,good
14.84,29,no,no,13,5,male,white,single,good
19.08,17,no,no,17,5,male,white,single,good
8.35,41,no,no,16,1,male,white,married,bad
9.62,40,no,no,16,3,male,white,married,bad
5.96,10,no,no,14,3,male,white,married,good
5.73,43,no,no,10,3,male,white,married,bad
6.73,41,no,no,10,4,male,white,married,good
8.17,18,no,no,16,2,male,white,married,good
12.39,28,no,no,12,4,male,white,married,good
9.62,37,no,no,13,2,male,white,married,good
4.83,20,no,no,16,4,male,black,married,good
7.69,10,no,no,13,2,male,white,married,good
12.5,31,no,no,16,3,male,white,married,good
2.82,18,no,no,12,3,male,white,married,good
12.31,9,no,no,17,3,male,white,single,good
13.22,42,no,no,16,3,male,white,married,good
16.83,14,no,no,16,4,male,white,married,good
11.54,27,no,no,16,3,male,white,married,good
4.95,20,no,no,14,3,female,black,single,good
7.21,14,no,no,17,3,male,white,married,good
11.58,4,no,no,17,3,male,white,married,good
15.38,13,no,no,17,3,male,white,married,good
6.1,5,no,no,17,3,male,white,married,good
7.93,32,no,no,17,3,male,white,married,good
9.16,19,no,no,17,4,female,white,married,good
6.91,14,no,no,17,4,female,white,single,good
20.18,28,no,no,17,3,male,white,married,good
9.93,31,no,no,17,3,male,white,married,good
7.79,18,no,no,13,4,male,white,married,good
5.13,23,no,no,5,3,male,white,married,good
10.99,14,no,no,16,4,male,white,married,good
6.56,17,no,no,13,2,male,white,married,good
10.1,16,no,no,13,3,male,white,married,good
10.74,19,no,no,16,3,male,white,married,good
16.35,26,no,no,17,3,male,white,married,good
4.62,20,no,no,12,4,female,white,married,good
7.49,18,no,no,17,3,male,white,married,good
19.23,35,no,no,17,3,male,white,married,good
4.77,9,no,no,17,4,female,white,single,good
7.14,20,no,no,17,2,female,white,single,good
14.42,7,no,no,17,4,male,white,married,good
9.28,40,no,no,17,4,male,white,single,good
29.98,12,no,no,17,3,male,white,married,good
32.79,33,no,no,16,4,male,white,married,good
9.62,16,no,no,16,3,male,white,married,good
8.36,15,no,no,16,3,female,white,married,good
21.63,11,no,no,17,3,male,white,married,good
15.9,24,no,no,17,4,male,white,married,good
5.77,6,no,no,17,2,male,white,married,good
20.99,40,no,no,17,2,male,white,married,good
23.32,15,no,no,17,5,male,white,married,good
4.97,9,no,no,17,4,male,white,married,good
6.89,16,no,no,17,2,male,white,married,good
5.73,12,no,no,13,2,female,white,single,good
5.19,8,no,no,17,3,male,white,married,good
7.79,25,no,no,17,3,female,white,single,good
8.79,24,no,no,16,3,female,white,married,good
9.32,25,no,no,17,4,female,white,single,good
8.33,7,no,no,17,4,female,white,single,good
10.12,40,no,no,10,3,female,black,single,good
1.98,29,no,no,8,3,female,white,single,bad
8.24,13,no,no,17,4,female,white,married,good
5.05,5,no,no,14,4,female,white,single,good
6.55,10,no,no,16,3,female,white,married,good
4.47,25,no,no,13,3,male,white,married,good
7.96,10,no,no,16,3,female,white,married,good
6.25,20,no,no,17,2,male,white,single,good
4.13,7,no,no,16,3,male,white,single,good
6.73,25,no,no,13,2,female,white,married,good
7.69,8,no,no,17,3,female,white,single,good
4.35,8,no,no,14,2,female,white,married,good
7.69,28,no,no,14,3,male,white,married,good
4.81,37,no,no,16,2,male,white,married,good
5.24,31,no,no,17,3,male,white,married,good
2.14,24,no,no,16,4,male,white,married,good
4.49,33,no,no,17,4,male,white,married,good
3.61,8,no,no,17,4,male,white,married,good
5.45,33,no,no,17,3,male,white,married,good
5.0,30,no,no,17,3,male,white,married,good
6.73,23,no,no,17,3,male,white,married,good
10.05,24,no,no,16,3,male,white,married,good
6.54,4,no,no,17,4,male,white,married,good
9.2,40,no,no,17,3,female,white,single,good
4.62,1,no,no,16,3,female,white,single,good
3.37,36,no,no,13,3,female,black,single,good
5.54,7,no,no,17,4,female,white,single,good
6.11,7,no,no,12,5,female,white,married,good
4.99,14,no,no,13,3,female,white,single,good
5.88,7,no,no,17,3,female,white,married,good
5.66,11,no,no,16,4,female,white,single,good
4.0,6,no,no,16,3,male,white,married,good
6.87,23,no,no,16,3,female,white,married,good
4.37,19,no,no,17,2,female,white,single,good
5.77,30,no,no,13,3,male,white,married,good
5.77,21,no,no,17,4,male,white,married,good
12.31,9,no,no,17,4,male,white,married,good
19.08,29,no,no,17,3,male,white,married,good
7.55,9,no,no,17,3,female,white,single,good
5.9,18,no,no,17,4,female,white,single,good
6.37,26,no,no,17,3,female,white,single,good
6.15,21,no,no,17,4,male,white,married,good
1.92,12,no,no,17,2,female,white,married,good
3.27,11,no,no,17,3,male,white,single,good
2.18,18,no,no,17,4,male,white,single,good
5.62,22,no,no,17,3,male,white,married,good
9.29,38,no,no,17,4,female,white,single,good
6.41,10,no,no,17,3,female,white,married,good
7.46,22,no,no,16,3,female,white,married,good
6.59,16,no,no,17,2,female,white,single,good
6.73,20,no,no,17,2,female,white,married,good
5.61,14,no,no,16,3,female,white,married,good
3.65,14,no,no,16,4,female,white,married,good
13.01,15,no,no,17,4,male,white,married,good
6.97,18,no,no,17,3,male,white,single,good
7.69,21,no,no,17,3,female,white,married,good
6.73,15,no,no,16,3,male,white,married,good
5.13,10,no,no,17,3,female,white,single,good
2.14,6,no,no,16,4,female,white,married,good
4.53,8,no,no,14,2,female,white,married,good
9.1,18,no,no,17,2,female,white,single,good
9.78,15,no,no,17,3,female,white,single,good
3.63,11,no,no,13,4,female,white,married,good
7.21,20,no,no,17,3,female,black,married,bad
10.62,18,no,no,17,3,female,white,married,good
4.62,10,no,no,17,3,female,white,married,good
6.54,26,no,no,14,3,female,white,single,good
12.12,35,no,no,17,3,female,white,single,bad
7.21,30,no,no,16,4,female,white,married,good
6.25,6,no,no,16,4,female,white,single,bad
3.85,13,no,no,17,3,female,white,married,good
3.03,10,no,no,16,3,female,white,married,bad
2.01,16,no,no,16,3,female,white,married,good
3.9,5,no,no,17,4,female,white,married,good
6.35,11,no,no,17,3,female,white,single,good
2.0,6,no,no,14,4,female,white,married,good
7.69,22,no,no,17,3,male,white,married,good
2.63,4,no,no,12,3,female,white,single,good
5.0,15,no,no,17,4,female,white,married,good
6.54,7,no,no,17,3,female,white,single,good
5.19,10,no,no,16,3,female,white,married,good
9.75,8,no,no,16,3,female,white,married,good
2.81,14,no,no,13,3,female,black,married,good
4.62,11,no,no,17,3,male,white,married,good
7.33,34,no,no,17,3,male,white,married,good
7.69,12,no,no,17,4,male,white,married,good
3.26,10,no,no,17,3,male,white,married,good
5.77,11,no,no,17,2,female,white,single,good
5.59,8,no,no,17,4,male,white,single,good
5.13,28,no,no,16,3,male,black,single,good
14.74,24,no,no,17,2,male,white,married,good
3.67,8,no,no,17,3,female,white,single,good
9.73,13,no,no,17,4,male,white,married,good
3.46,4,no,no,13,3,male,white,married,good
6.37,43,no,no,17,4,male,white,married,good
6.58,30,no,no,16,3,female,white,married,good
10.15,16,no,no,16,3,male,black,single,good
9.23,19,no,no,17,3,male,white,married,good
6.75,21,no,no,17,3,male,white,married,bad
10.22,26,no,no,17,3,female,white,single,good
4.76,8,no,no,16,3,male,white,married,good
1.76,24,no,no,17,3,female,white,single,good
12.73,15,no,no,17,4,male,white,married,good
5.85,26,no,no,12,3,male,white,married,good
3.17,6,no,no,16,3,male,white,married,bad
5.99,19,no,no,12,2,male,white,married,good
4.62,4,no,no,12,3,male,white,married,good
1.8,23,no,no,13,4,male,white,married,good
5.95,25,no,no,13,4,male,white,married,good
7.46,18,no,no,12,3,male,white,married,good
8.7,27,no,no,13,2,male,white,married,good
3.75,16,no,no,10,3,male,white,married,good
7.69,20,no,no,12,3,male,white,married,good
5.24,12,no,no,14,3,male,white,married,bad
10.1,35,no,no,12,4,male,white,married,good
3.75,36,no,no,12,1,male,white,single,good
5.79,35,no,no,13,3,male,white,married,good
5.06,5,no,no,17,3,male,white,married,good
7.96,15,no,no,13,4,male,white,married,good
12.82,44,no,no,12,3,male,white,married,good
8.46,28,no,no,13,3,male,white,married,good
3.76,2,no,no,13,4,female,white,single,good
2.86,43,no,no,12,3,male,white,married,good
11.81,30,no,no,10,3,male,white,married,good
7.69,26,no,no,12,3,male,white,married,good
7.21,40,no,no,12,3,male,white,married,bad
2.88,7,no,no,13,4,female,black,single,good
5.73,10,no,no,12,3,female,white,single,good
4.49,37,no,no,12,2,male,white,married,good
9.57,27,no,no,17,4,male,white,married,good
3.61,5,no,no,17,3,male,white,married,good
7.77,14,no,no,13,2,male,white,married,good
9.23,16,no,no,16,2,male,white,single,good
5.58,4,no,no,17,3,male,white,married,good
5.34,39,no,no,16,3,male,white,married,good
5.17,32,no,no,12,3,male,white,married,good
6.41,16,no,no,17,4,male,white,married,good
7.4,10,no,no,17,4,female,white,single,good
6.75,15,no,no,17,4,male,white,married,good
8.46,10,no,no,17,4,male,white,married,good
4.61,10,no,no,13,3,female,white,single,good
8.61,12,no,no,12,3,female,white,married,bad
5.24,4,no,no,16,4,male,white,single,good
15.38,12,no,no,17,3,male,white,single,good
2.37,15,no,no,12,4,female,white,married,good
6.72,37,no,no,12,4,female,white,single,good
9.4,23,no,no,14,4,male,white,married,good
7.84,15,no,no,16,3,male,white,married,good
15.0,10,no,no,17,4,male,white,single,good
4.7,14,no,no,12,4,female,white,married,good
11.28,17,no,no,13,3,male,white,single,good
11.97,24,no,no,16,3,male,white,married,good
13.99,13,no,no,17,4,male,white,married,good
3.0,5,no,no,13,3,female,white,married,good
3.41,20,no,no,12,3,female,white,married,good
9.62,29,no,no,14,4,male,white,married,good
6.73,10,no,no,16,4,male,white,single,good
9.62,36,no,no,13,3,male,white,married,good
5.19,15,no,no,13,3,female,white,married,good
4.62,26,no,no,12,3,female,white,married,good
5.03,13,no,no,14,4,female,white,married,good
9.84,26,no,no,14,3,male,white,married,good
5.29,9,no,no,12,3,male,white,married,good
10.99,40,no,no,12,1,male,white,married,good
7.08,28,no,no,16,3,male,white,married,bad
8.17,12,no,no,16,2,male,white,single,good
5.88,25,no,no,13,4,female,white,married,good
7.92,18,no,no,13,4,female,white,married,good
4.44,9,no,no,17,3,male,white,single,good
6.64,9,no,no,13,3,male,white,married,good
15.8,30,no,no,17,4,male,white,married,bad
9.23,40,no,no,14,3,female,white,single,good
12.82,36,no,no,17,3,male,white,married,good
14.18,30,no,no,16,4,male,white,married,good
11.54,27,no,no,12,3,male,white,married,good
9.4,22,no,no,12,3,male,white,married,good
10.39,40,no,no,13,3,male,white,married,good
5.54,40,no,no,12,3,male,black,married,good
7.86,21,no,no,14,3,male,white,married,good
8.17,36,no,no,13,3,male,white,married,bad
4.05,16,no,no,12,4,female,white,married,good
7.81,36,no,no,10,3,male,white,married,bad
2.56,18,no,no,13,3,male,white,married,good
12.98,11,no,no,16,4,male,white,single,good
41.67,16,no,no,13,4,male,white,married,bad
4.81,12,no,no,13,4,female,white,married,good
1.32,2,no,no,10,3,male,white,married,good
3.71,4,no,no,16,3,male,white,single,good
4.81,21,no,no,16,3,male,white,married,good
4.68,4,no,no,12,3,male,white,single,good
8.21,32,no,no,17,2,female,white,single,good
4.03,7,no,no,16,3,female,white,single,good
4.81,5,no,no,13,3,male,white,single,bad
15.63,23,no,no,16,3,male,white,married,good
7.69,23,no,no,5,3,male,white,married,good
7.17,14,no,no,13,3,male,white,married,good
8.08,13,no,no,16,4,male,white,married,good
9.03,28,no,no,13,3,male,white,married,good
6.75,35,no,no,14,4,male,white,married,good
8.44,16,no,no,13,4,male,white,married,good
6.0,12,no,no,17,4,male,white,married,good
6.15,7,no,no,17,3,male,white,married,good
4.1,25,no,no,12,3,male,white,married,good
14.17,22,no,no,13,3,male,white,married,good
6.41,22,no,no,17,3,male,white,married,good
31.09,32,no,no,13,3,male,white,married,bad
10.29,35,no,no,13,4,male,white,married,good
5.06,28,no,no,12,3,male,white,married,good
6.37,18,no,no,13,3,male,white,married,good
2.98,11,no,no,17,3,female,white,single,good
13.28,40,no,no,13,3,male,white,married,good
4.2,10,no,no,13,2,male,white,married,good
8.92,40,no,no,12,3,male,white,married,good
2.63,7,no,no,16,3,female,white,married,good
26.24,24,no,no,12,3,male,white,married,good
7.54,36,no,no,12,4,male,white,single,good
8.65,34,no,no,13,3,male,white,married,good
20.99,44,no,no,16,3,male,white,married,good
10.26,44,no,no,13,3,male,white,married,good
8.55,30,no,no,16,3,male,white,married,good
2.08,23,no,no,12,4,male,white,married,good
3.0,5,no,no,13,3,male,white,single,bad
6.01,25,no,no,16,4,male,white,married,good
10.05,14,no,no,13,4,male,white,single,good
5.73,5,no,no,12,3,male,white,married,good
5.93,20,no,no,12,3,male,white,married,good
4.49,1,no,no,10,2,male,white,single,good
5.66,13,no,no,16,4,male,white,single,good
10.19,15,no,no,12,4,male,white,married,good
20.99,35,no,no,12,3,male,white,married,good
9.05,20,no,no,12,4,male,white,married,good
3.92,12,no,no,12,5,male,white,married,good
4.28,7,no,no,16,4,female,white,single,good
2.75,7,no,no,16,3,female,white,single,good
2.88,32,no,no,12,4,male,white,married,good
6.41,13,no,no,13,3,male,white,married,good
7.69,15,no,no,13,3,male,white,married,good
3.75,33,no,no,10,3,female,white,single,bad
6.41,48,no,no,8,3,male,white,married,good
11.54,38,no,no,16,4,male,white,married,good
11.4,28,no,no,16,3,male,white,married,good
2.2,18,no,no,13,4,female,white,married,good
1.65,24,no,no,13,1,female,white,single,good
6.59,27,no,no,12,3,male,white,single,good
11.06,24,no,no,5,3,male,white,married,good
1.63,16,no,no,10,3,male,white,married,good
3.58,44,no,no,12,3,female,white,married,good
12.31,14,no,no,16,4,male,white,married,good
6.66,16,no,no,12,3,male,white,married,good
10.53,18,no,no,16,3,female,white,married,good
1.92,18,no,no,13,2,female,white,married,good
19.23,15,no,no,13,4,male,white,married,good
7.21,41,no,no,12,4,male,white,married,good
25.64,28,no,no,16,3,male,white,married,good
3.85,24,no,no,12,3,male,white,married,good
10.99,13,no,no,12,3,male,white,married,good
10.02,22,no,no,13,3,male,white,married,good
5.31,18,no,no,13,4,male,white,married,good
7.19,40,no,no,13,3,male,white,married,good
3.82,17,no,no,13,4,male,white,married,good
9.62,17,no,no,12,3,male,white,married,good
9.62,20,no,no,16,4,male,white,married,good
3.85,30,no,no,12,4,male,white,married,good
7.5,30,no,no,12,3,male,white,married,good
6.92,22,no,no,12,4,male,white,married,good
7.69,7,no,no,12,4,male,white,married,good
9.23,23,no,no,14,3,male,white,single,good
1.27,8,no,no,13,3,female,white,married,good
4.82,31,no,no,10,4,male,white,married,good
6.75,30,no,no,12,3,male,white,married,good
8.55,26,no,no,13,2,male,white,single,good
6.41,24,no,no,12,4,male,white,married,good
7.44,12,no,no,13,3,male,white,married,good
1.32,37,no,no,12,3,female,white,married,good
4.81,16,no,no,14,4,female,white,single,good
14.35,23,no,no,16,3,male,white,married,good
2.4,9,no,no,10,2,male,white,married,good
3.08,14,no,no,14,2,male,white,married,good
10.66,8,no,no,13,5,male,white,single,good
7.69,41,no,no,16,2,male,white,married,good
2.54,5,no,no,13,4,male,white,single,good
6.38,30,no,no,12,3,male,white,married,good
4.81,12,no,no,17,4,male,white,married,good
3.82,24,no,no,12,3,female,white,single,good
7.4,19,no,no,13,3,male,white,married,good
7.69,20,no,no,12,4,male,white,married,good
8.24,23,no,no,14,2,female,white,married,good
2.63,3,no,no,8,3,male,white,single,good
5.31,20,no,no,13,4,male,white,married,good
3.0,45,no,no,5,2,male,white,married,good
5.7,31,no,no,12,3,male,white,married,good
17.49,23,no,no,13,4,male,white,married,good
3.89,7,no,no,13,3,male,white,single,good
16.14,23,no,no,10,3,male,white,married,good
18.32,25,no,no,13,3,male,white,married,good
10.42,28,no,no,8,3,male,white,married,bad
24.73,36,no,no,12,3,male,white,married,good
7.61,14,no,no,13,3,male,white,married,good
10.0,41,no,no,17,4,male,white,married,good
1.68,15,no,no,10,3,male,white,married,good
5.1,34,no,no,17,4,male,black,married,bad
7.72,20,no,no,16,3,male,white,married,good
13.46,20,no,no,16,4,male,white,married,good
17.48,35,no,no,17,4,male,white,married,good
1.92,25,no,no,10,3,male,black,married,good
5.09,38,no,no,13,4,male,white,married,good
6.37,16,no,no,17,3,female,white,single,good
5.45,6,no,no,16,2,male,white,single,good
3.82,14,no,no,13,3,male,white,married,good
20.86,34,no,no,8,4,male,white,married,good
6.2,8,no,no,17,4,male,white,single,good
26.22,17,no,no,17,3,male,white,married,good
2.5,27,no,no,12,3,male,white,married,good
8.1,13,no,no,13,3,male,white,single,good
6.21,42,no,no,12,3,male,white,married,good
5.24,11,no,no,16,4,male,white,married,good
5.57,12,no,no,12,4,male,white,married,good
7.6,43,no,no,12,4,male,white,married,good
17.49,18,no,no,16,3,male,white,married,good
10.1,17,no,no,16,3,male,white,single,good
4.33,4,no,no,13,2,male,white,single,good
5.38,40,no,no,12,4,male,white,married,good
5.7,14,no,no,16,4,male,white,married,good
15.73,32,no,no,12,3,male,white,married,good
3.16,13,no,no,12,3,female,white,married,good
7.63,34,no,no,13,3,male,white,single,bad
7.69,10,no,no,16,3,male,white,single,good
3.57,25,no,no,10,3,male,white,single,good
5.92,11,no,no,13,4,male,white,married,good
13.12,40,no,no,13,3,male,white,married,good
38.86,29,no,no,13,3,male,white,married,good
1.92,30,no,no,13,3,female,white,single,bad
10.12,20,no,no,16,3,male,white,married,good
12.82,12,no,no,16,4,male,white,married,good
5.49,20,no,no,13,4,female,white,single,good
14.79,29,no,no,17,3,male,white,married,good
10.19,15,no,no,17,2,male,white,married,good
2.11,37,no,no,10,3,female,white,single,good
9.28,11,no,no,13,3,male,white,single,good
5.33,19,no,no,13,4,male,white,married,good
9.13,13,no,no,13,3,male,white,married,good
9.89,41,no,no,10,3,male,white,married,good
6.37,11,no,no,10,3,male,white,married,good
4.0,26,no,no,12,3,female,white,single,good
5.09,7,no,no,13,4,male,white,married,good
5.13,21,no,no,12,4,male,white,married,good
2.47,1,no,no,16,4,female,white,single,good
3.29,26,no,no,10,3,female,white,married,good
3.95,1,no,no,12,3,female,white,single,good
3.04,12,no,no,12,3,female,white,married,good
2.27,3,no,no,12,2,female,white,married,good
3.34,5,no,no,12,3,female,white,married,good
4.9,5,no,no,13,2,male,white,single,good
7.21,6,no,no,14,3,male,white,married,good
3.44,1,no,no,12,4,male,white,single,good
2.4,6,no,no,12,4,female,white,married,good
8.26,38,no,no,12,3,male,white,married,good
10.68,38,no,no,12,3,male,white,married,good
4.62,37,no,no,13,3,male,white,married,good
7.55,26,no,no,13,4,male,white,married,good
6.75,42,no,no,13,3,male,white,married,bad
7.69,42,no,no,12,3,male,white,married,good
7.25,10,no,no,14,3,male,white,married,good
8.74,16,no,no,12,4,male,white,married,good
4.62,34,no,no,13,2,male,white,married,good
3.33,17,no,no,12,2,male,white,single,good
4.81,12,no,no,12,3,female,white,single,good
4.58,24,no,no,12,3,male,white,married,good
4.09,3,no,no,13,3,female,white,married,good
1.83,3,no,no,13,4,female,white,single,bad
3.33,14,no,no,10,3,male,white,married,good
4.72,3,no,no,12,3,female,white,single,bad
3.06,32,no,no,12,4,male,white,married,good
4.95,9,no,no,13,4,male,white,married,good
11.54,34,no,no,13,3,male,white,married,good
5.63,5,no,no,14,3,male,white,married,good
4.05,10,no,no,12,2,female,white,married,good
1.16,2,no,no,13,4,female,white,single,good
4.1,34,no,no,8,3,female,white,married,good
2.46,17,no,no,12,3,female,white,married,good
4.11,10,no,no,12,4,female,white,single,good
6.11,44,no,no,13,3,female,white,married,good
4.47,11,no,no,12,4,female,white,married,good
4.62,3,no,no,12,4,female,white,single,good
1.28,2,no,no,13,3,female,white,married,good
4.4,25,no,no,12,4,female,white,single,good
1.27,12,no,no,12,3,female,white,married,good
3.95,10,no,no,12,4,female,white,single,good
3.64,8,no,no,12,3,male,white,single,bad
3.75,5,no,no,14,4,female,white,single,good
3.21,12,no,no,13,4,female,white,single,good
2.63,6,no,no,13,3,female,white,married,good
5.64,9,no,no,16,3,male,white,married,good
3.0,2,no,no,12,4,female,white,single,good
1.98,7,no,no,12,4,female,white,married,good
4.81,26,no,no,12,3,female,white,single,good
2.63,13,no,no,13,4,female,white,married,good
3.16,27,no,no,12,3,female,white,married,good
6.27,3,no,no,13,3,male,white,single,good
4.05,8,no,no,13,3,female,white,single,good
1.98,8,no,no,16,3,female,white,married,good
2.18,2,no,no,12,4,female,white,married,good
2.63,4,no,no,12,4,female,white,married,good
2.43,1,no,no,10,4,female,white,single,good
1.98,4,no,no,12,4,female,white,single,good
4.09,5,no,no,12,4,female,white,married,good
2.5,12,no,no,12,3,female,white,single,good
2.51,4,no,no,12,5,female,white,single,good
3.85,7,no,no,10,4,female,white,single,good
5.13,5,no,no,12,4,male,white,single,good
4.81,5,no,no,12,3,female,white,single,good
4.81,3,no,no,13,4,male,white,single,good
7.07,8,no,no,13,3,female,black,single,good
2.31,3,no,no,13,4,female,white,single,good
3.89,4,no,no,16,4,female,black,single,good
1.98,25,no,no,12,2,female,white,single,good
3.75,31,no,no,12,4,female,white,single,bad
1.25,5,no,no,12,4,female,white,married,good
7.63,11,no,no,16,4,male,white,single,good
6.54,8,no,no,13,3,female,black,single,good
13.13,24,no,no,16,3,male,white,married,good
4.4,3,no,no,13,5,female,white,single,good
7.69,16,no,no,13,3,female,black,married,good
3.85,7,no,no,10,3,male,white,married,good
7.69,25,no,no,12,3,male,white,married,good
5.0,19,no,no,13,3,male,white,single,good
8.94,31,no,no,10,3,male,white,married,good
5.09,7,no,no,17,5,female,white,single,good
3.16,1,no,no,12,3,female,black,single,good
10.58,21,no,no,13,3,male,white,married,good
6.87,5,no,no,12,3,female,black,married,bad
2.14,4,no,no,13,4,female,black,single,good
5.13,15,no,no,16,4,female,white,single,good
1.95,10,no,no,13,2,female,white,married,good
1.92,8,no,no,12,4,female,white,married,good
2.65,18,no,no,13,3,female,white,married,good
2.62,10,no,no,17,3,female,white,married,good
7.91,6,no,no,13,4,female,white,single,good
8.55,30,no,no,12,4,male,white,married,good
8.44,19,no,no,13,4,female,white,single,good
7.96,30,no,no,12,3,male,white,married,good
7.21,38,no,no,12,4,male,black,single,bad
4.67,4,no,no,10,3,male,white,single,good
4.28,7,no,no,13,4,female,white,single,good
3.61,4,no,no,13,3,female,white,single,good
1.92,2,no,no,14,3,female,white,single,good
1.68,5,no,no,13,3,female,white,married,good
4.46,21,no,no,12,3,female,white,married,good
2.11,12,no,no,13,4,female,white,single,good
3.81,4,no,no,12,5,male,white,married,good
6.25,11,no,no,12,4,female,white,married,good
3.08,5,no,no,13,3,female,black,single,good
5.39,45,no,no,10,3,male,white,married,bad
7.33,31,no,no,13,4,male,white,married,bad
4.92,38,no,no,12,3,female,black,single,bad
9.89,35,no,no,10,3,male,black,single,good
2.98,12,no,no,12,3,female,white,married,good
2.92,12,no,no,12,4,female,white,single,good
4.17,34,no,no,12,4,female,white,married,good
3.34,20,no,no,13,2,female,black,single,good
2.26,3,no,no,14,4,female,white,single,good
10.12,18,no,no,13,3,female,white,single,good
6.35,20,no,no,12,3,female,white,married,good
7.8,6,no,no,13,3,female,black,single,good
3.75,9,no,no,12,4,female,white,single,good
3.59,3,no,no,12,4,female,white,married,good
4.52,7,no,no,13,3,female,white,single,good
4.47,12,no,no,12,3,female,white,married,good
5.29,12,no,no,12,4,female,white,single,good
5.29,10,no,no,13,4,female,white,single,good
4.81,9,no,no,13,4,female,white,single,good
1.98,3,no,no,14,2,female,white,married,good
3.17,2,no,no,13,3,female,white,single,good
2.88,40,no,no,12,4,female,white,married,good
3.47,5,no,no,13,3,female,white,married,good
3.92,15,no,no,12,2,female,white,married,good
3.46,13,no,no,17,4,female,white,married,good
4.95,10,no,no,14,5,female,black,single,good
2.18,2,no,no,12,3,female,white,single,good
4.1,23,no,no,12,4,female,white,single,good
2.62,15,no,no,12,3,female,white,single,good
6.59,30,no,no,13,3,female,white,single,good
3.96,15,no,no,12,2,female,white,married,good
4.81,11,no,no,13,3,female,white,single,good
3.75,27,no,no,12,3,female,white,single,good
7.34,9,no,no,12,3,female,white,single,good
2.93,1,no,no,12,4,female,white,single,good
3.47,15,no,no,12,3,female,white,single,good
5.64,16,no,no,12,3,female,white,married,good
3.75,3,no,no,13,3,female,white,single,good
5.45,19,no,no,17,4,female,white,single,good
4.09,18,no,no,13,4,female,white,single,bad
3.75,4,no,no,12,3,female,white,married,good
6.73,14,no,no,12,4,female,white,married,good
3.28,8,no,no,13,3,female,white,married,good
3.57,10,no,no,12,4,female,white,single,good
6.01,33,no,no,12,3,male,white,married,good
4.62,9,no,no,10,3,male,white,married,good
6.84,26,no,no,12,4,male,white,married,good
6.41,15,no,no,10,3,female,white,married,good
3.44,31,no,no,12,2,male,white,married,good
3.85,22,no,no,10,3,male,white,married,good
7.15,30,no,no,12,4,female,white,single,good
4.05,3,no,no,12,3,female,black,single,good
2.91,4,no,no,14,4,male,white,single,good
1.92,4,no,no,12,3,female,white,single,bad
4.42,9,no,no,12,3,male,white,single,good
8.49,7,no,no,14,3,male,white,single,good
4.28,3,no,no,13,3,male,black,single,good
3.33,5,no,no,12,4,male,white,married,good
8.46,48,no,no,13,3,male,white,married,good
8.65,3,no,no,12,3,female,white,single,good
1.16,5,no,no,10,3,female,white,married,good
1.98,5,no,no,13,3,female,black,married,good
2.57,3,no,no,12,3,female,white,married,good
2.58,6,no,no,12,4,female,black,single,good
2.51,10,no,no,12,4,female,white,married,good
77.72,9,no,no,13,4,female,black,married,good
4.33,26,no,no,12,4,female,white,married,good
4.09,33,no,no,8,3,male,white,married,good
5.73,12,no,no,12,3,female,white,single,good
4.81,11,no,no,12,3,female,white,single,good
7.69,10,no,no,12,4,female,white,single,good
5.73,9,no,no,12,3,female,white,single,good
5.88,17,no,no,12,3,female,white,single,good
4.27,37,no,no,13,3,male,white,married,good
9.62,28,no,no,16,4,male,white,single,good
9.36,16,no,no,12,3,male,white,single,good
3.95,2,no,no,12,5,female,white,single,good
5.73,34,no,no,12,3,female,white,married,good
2.6,7,no,no,12,3,female,white,single,good
3.75,4,no,no,12,4,female,white,single,good
5.61,12,no,no,14,4,female,white,married,good
5.73,20,no,no,13,3,female,white,married,good
3.85,17,no,no,12,3,female,white,married,good
2.88,0,no,no,12,2,female,white,single,good
2.75,7,no,no,12,4,female,white,single,good
11.57,13,no,no,13,4,male,white,single,good
4.33,4,no,no,13,3,female,black,single,good
2.75,3,no,no,12,3,female,white,married,good
5.34,5,no,no,10,3,female,white,single,good
6.56,19,no,no,12,3,male,white,married,good
4.68,12,no,no,13,3,male,white,married,good
1.98,10,no,no,12,2,female,white,married,good
7.96,18,no,no,12,3,male,white,married,good
4.87,18,no,no,13,2,female,white,married,good
3.16,44,no,no,10,3,female,white,married,good
6.25,5,no,no,12,3,male,white,single,good
3.0,18,no,no,13,4,female,white,married,good
3.75,12,no,no,12,4,female,white,single,good
3.75,6,no,no,12,4,female,white,married,good
6.54,13,no,no,13,4,female,black,single,good
4.19,10,no,no,13,3,male,white,married,good
5.37,20,no,no,12,2,male,white,married,good
2.14,32,no,no,16,5,female,white,single,good
4.81,32,no,no,12,3,female,white,married,good
3.53,8,no,no,12,3,female,white,married,good
4.33,25,no,no,12,3,female,white,single,good
6.13,18,no,no,12,3,male,white,married,good
8.79,31,no,no,12,2,male,white,married,bad
8.21,30,no,no,12,3,male,white,married,good
2.39,8,no,no,10,3,male,white,married,good
4.58,18,no,no,12,4,male,white,married,good
6.97,16,no,no,13,3,male,white,married,good
10.12,29,no,no,12,3,male,white,married,good
3.75,30,no,no,12,2,male,white,married,good
3.52,8,no,no,12,2,male,white,single,good
8.41,22,no,no,10,3,male,white,married,good
7.96,15,no,no,12,5,male,white,married,good
8.24,20,no,no,12,2,male,white,married,good
3.22,18,no,no,12,3,male,white,married,good
7.96,36,no,no,8,3,male,white,married,good
8.65,11,no,no,12,4,male,white,single,good
4.27,3,no,no,10,3,male,black,single,good
12.66,22,no,no,12,5,male,white,married,good
7.96,16,no,no,10,3,male,white,married,good
3.49,44,no,no,10,3,male,white,married,good
10.12,20,no,no,13,2,male,white,single,good
3.08,5,no,no,13,4,male,white,married,good
7.96,8,no,no,12,3,male,white,married,good
2.75,2,no,no,12,4,male,white,single,good
3.39,10,no,no,10,3,male,white,married,good
5.49,7,no,no,12,2,male,white,married,good
4.27,11,no,no,12,3,male,white,married,good
5.71,18,no,no,12,3,male,white,married,good
3.46,8,no,no,14,2,female,white,married,good
15.38,37,no,no,12,3,male,white,married,good
8.41,12,no,no,13,3,male,white,single,good
10.12,11,no,no,12,3,male,white,married,good
3.85,7,no,no,12,4,male,white,married,good
4.62,23,no,no,12,4,male,white,married,good
3.41,5,no,no,12,3,male,white,married,good
10.58,22,no,no,12,4,male,white,married,good
10.1,35,no,no,13,3,male,white,single,good
7.96,6,no,no,13,3,male,white,married,good
6.81,14,no,no,8,4,male,white,married,good
7.21,37,no,no,12,3,male,white,married,good
6.41,32,no,no,8,3,male,white,married,good
4.77,30,no,no,10,3,male,white,married,good
6.05,10,no,no,13,3,male,white,married,good
3.75,9,no,no,10,2,male,white,married,good
9.16,14,no,no,13,3,male,white,married,good
3.33,19,no,no,10,3,male,white,married,good
4.77,6,no,no,14,3,male,white,married,good
5.79,28,no,no,12,2,male,white,married,good
3.96,10,no,no,16,3,female,white,single,good
6.41,37,no,no,12,2,male,white,married,good
5.55,41,no,no,12,3,male,white,married,good
12.74,18,no,no,10,3,male,white,married,bad
7.69,14,no,no,13,4,male,white,single,good
8.17,12,no,no,16,3,male,white,single,good
6.4,26,no,no,12,3,male,white,married,good
3.57,19,no,no,12,3,female,black,married,good
6.59,22,no,no,10,4,male,white,single,good
7.69,27,no,no,12,3,male,white,married,good
10.26,27,no,no,12,3,male,black,single,good
7.08,25,no,no,10,3,male,white,married,good
10.42,10,no,no,12,3,male,white,married,good
8.08,7,no,no,12,3,male,white,married,good
4.95,7,no,no,13,4,male,white,single,good
9.81,24,no,no,13,3,male,white,married,good
5.77,10,no,no,12,4,male,white,single,good
4.81,3,no,no,12,4,male,white,single,good
11.95,28,no,no,14,3,male,white,married,good
6.12,23,no,no,12,4,male,white,married,good
4.58,37,no,no,12,4,male,white,single,good
2.26,18,no,no,10,2,female,white,married,bad
4.37,5,no,no,12,3,male,white,married,good
7.71,42,no,no,8,2,male,white,married,good
7.96,20,no,no,13,3,female,white,single,good
8.93,33,no,no,12,3,male,white,single,good
12.27,25,no,no,10,3,male,white,married,bad
5.73,14,no,no,12,4,female,white,married,good
7.26,10,no,no,13,4,male,white,married,good
4.73,21,no,no,5,2,male,white,married,good
5.38,8,no,no,12,3,male,white,married,good
9.0,42,no,no,12,4,male,white,married,good
4.91,10,no,no,12,4,male,white,married,good
14.31,40,no,no,10,2,male,white,married,good
9.74,13,no,no,12,4,male,white,married,good
4.13,39,no,no,12,3,male,white,married,good
3.75,9,no,no,13,3,male,white,married,good
5.26,26,no,no,12,2,male,white,married,good
21.74,24,no,no,12,3,male,white,married,good
8.81,14,no,no,12,3,male,white,married,good
8.17,12,no,no,13,4,male,white,married,good
7.5,35,no,no,12,4,male,white,married,good
3.42,14,no,no,12,3,male,white,married,bad
8.89,18,no,no,12,3,male,white,married,good
4.16,32,no,no,13,3,male,white,married,good
8.17,23,no,no,12,3,male,white,married,good
8.12,22,no,no,12,3,male,white,married,good
10.12,29,no,no,12,3,male,white,married,good
12.5,30,no,no,13,3,male,white,married,good
4.33,15,no,no,8,2,male,white,single,good
5.2,10,no,no,12,4,male,white,single,good
9.62,12,no,no,10,4,male,white,married,good
16.03,25,no,no,10,3,male,white,married,good
9.28,29,no,no,12,3,male,white,married,good
2.81,40,no,no,8,2,male,white,married,bad
7.21,34,no,no,5,3,male,black,married,good
8.0,18,no,no,12,3,male,white,married,good
10.99,22,no,no,12,3,male,white,married,bad
4.47,12,no,no,12,2,male,white,married,good
7.07,10,no,no,12,3,male,white,married,good
1.66,15,no,no,12,4,male,white,married,good
7.93,39,no,no,12,1,male,white,married,good
5.23,18,no,no,12,3,male,white,single,good
7.96,18,no,no,10,3,male,white,married,good
7.03,16,no,no,12,2,male,white,married,good
3.75,18,no,no,8,3,male,white,married,good
5.29,4,no,no,13,3,male,white,single,good
4.46,4,no,no,13,3,male,white,single,good
7.96,39,no,no,13,3,male,white,married,good
5.45,16,no,no,12,3,male,white,married,good
6.87,23,no,no,12,3,male,white,married,good
10.3,14,no,no,17,4,male,white,married,good
8.01,12,no,no,16,3,male,white,married,good
6.25,40,no,no,13,3,male,white,married,good
7.96,44,no,no,10,3,male,white,married,good
3.93,8,no,no,13,3,male,white,married,good
7.75,23,no,no,5,3,male,white,married,good
4.3,11,no,no,12,2,male,white,single,good
4.9,8,no,no,12,3,male,white,married,good
5.56,45,no,no,10,3,male,white,married,good
5.73,19,no,no,12,3,male,white,married,good
5.7,19,no,no,13,4,male,white,married,good
4.57,7,no,no,12,2,male,white,single,good
4.15,8,no,no,13,4,male,white,married,good
4.71,34,no,no,12,3,male,white,married,good
7.21,20,no,no,12,4,male,white,married,good
7.04,12,no,no,13,3,male,white,single,good
1.48,13,no,no,12,2,male,white,single,good
3.37,13,no,no,12,4,female,white,married,bad
9.62,4,no,no,12,3,male,white,single,good
3.75,3,no,no,12,4,male,white,single,good
7.14,17,no,no,12,4,male,white,married,good
6.99,10,no,no,13,4,male,white,married,good
8.46,26,no,no,10,3,male,white,married,good
4.76,12,no,no,16,3,male,white,married,good
3.9,2,no,no,13,4,female,black,single,good
5.77,11,no,no,14,4,male,white,married,good
8.74,19,no,no,12,4,male,white,married,good
6.56,4,no,no,16,4,male,white,single,good
4.24,9,no,no,13,3,male,white,single,good
4.09,15,no,no,12,4,male,white,married,good
20.99,25,no,no,10,3,male,white,married,good
7.69,7,no,no,12,3,male,white,married,good
4.58,29,no,no,12,3,male,white,married,good
6.49,28,no,no,12,3,male,white,married,bad
12.82,3,no,no,12,3,male,white,married,good
9.62,9,no,no,13,3,male,white,married,good
8.89,42,no,no,12,3,male,white,married,good
10.58,17,no,no,12,3,male,white,married,good
7.21,29,no,no,5,3,male,white,single,good
1.65,7,no,no,10,2,male,white,single,good
10.58,15,no,no,12,4,male,white,married,good
3.04,15,no,no,12,3,male,white,married,good
4.55,43,no,no,10,3,male,white,married,good
7.69,44,no,no,10,3,male,white,married,good
3.0,11,no,no,13,3,male,white,married,good
12.02,31,no,no,12,4,male,white,married,good
5.99,21,no,no,14,3,male,white,married,good
8.94,35,no,no,13,3,male,white,married,good
4.0,7,no,no,10,4,male,white,single,good
1.98,3,no,no,12,3,male,white,single,good
1.27,0,no,no,10,4,female,white,single,good
5.57,10,no,no,5,3,male,white,married,good
7.36,39,no,no,12,2,male,white,married,good
3.08,5,no,no,12,3,male,white,married,good
9.64,36,no,no,10,3,male,white,married,good
5.09,18,no,no,10,3,male,white,married,good
10.12,17,no,no,10,3,male,white,married,good
9.62,40,no,no,8,3,male,black,single,good
5.77,5,no,no,12,3,male,white,married,good
8.32,26,no,no,12,4,male,white,single,good
5.73,34,no,no,12,2,male,white,married,good
5.73,11,no,no,12,3,male,white,married,good
7.21,43,no,no,10,3,male,white,married,good
8.78,24,no,no,12,3,male,white,married,good
7.96,15,no,no,13,3,male,white,married,good
9.62,11,no,no,12,3,male,white,married,good
7.45,38,no,no,12,3,male,white,married,good
18.46,20,no,no,12,3,male,white,married,good
8.85,9,no,no,12,4,male,white,married,good
8.0,7,no,no,10,3,male,white,single,good
5.73,47,no,no,10,3,male,white,married,good
10.61,17,no,no,13,3,male,white,married,good
6.84,45,no,no,13,3,male,white,married,good
7.78,9,no,no,12,4,male,white,married,good
4.21,18,no,no,10,3,male,white,single,good
10.12,28,no,no,12,3,male,white,married,good
5.56,10,no,no,13,1,male,white,married,good
5.77,24,no,no,10,2,male,white,single,good
3.85,14,no,no,12,3,male,white,married,good
4.33,31,no,no,8,3,male,white,single,good
4.09,3,no,no,10,3,female,black,single,good
7.69,9,no,no,12,1,male,white,married,bad
6.98,38,no,no,14,3,male,white,married,good
5.69,35,no,no,8,3,female,white,married,good
1.2,5,no,no,12,3,female,white,married,good
7.48,3,no,no,16,3,male,white,single,good
3.13,5,no,no,12,4,female,black,married,good
5.61,13,no,no,12,3,male,white,married,good
3.27,4,no,no,12,3,female,white,single,good
6.25,10,no,no,12,4,male,white,married,good
7.69,10,no,no,13,4,male,white,married,good
4.0,23,no,no,12,2,female,white,single,good
4.66,38,no,no,10,4,female,white,single,good
3.82,4,no,no,10,3,male,white,married,good
5.24,13,no,no,12,4,male,white,married,good
5.13,35,no,no,10,3,female,white,married,bad
3.37,2,no,no,12,2,female,white,single,good
6.41,5,no,no,13,2,female,white,single,good
4.81,13,no,no,12,3,female,white,married,good
5.61,25,no,no,13,4,male,white,married,good
7.97,9,no,no,13,4,male,white,married,good
3.75,20,no,no,13,2,female,white,married,good
5.15,10,no,no,10,4,female,white,married,good
5.77,17,no,no,12,4,male,white,married,good
4.94,46,no,no,12,3,male,white,married,good
3.75,3,no,no,12,3,male,white,single,good
1.98,23,no,no,10,4,male,white,married,good
2.52,3,no,no,8,4,female,white,single,good
2.93,42,no,no,12,3,female,black,single,good
5.09,35,no,no,5,3,male,white,married,good
2.4,4,no,no,13,4,male,white,single,good
4.87,12,no,no,10,3,male,white,single,good
6.59,20,no,no,13,3,male,black,married,good
1.2,4,no,no,12,3,female,white,married,good
3.33,8,no,no,12,4,female,white,single,good
1.96,1,no,no,13,2,female,white,single,good
2.73,41,no,no,8,1,male,white,married,good
2.63,0,no,no,10,2,female,white,married,good
3.75,1,no,no,10,3,male,white,single,good
3.08,8,no,no,10,3,female,black,married,good
4.27,44,no,no,12,4,male,white,married,bad
4.5,11,no,no,8,4,male,white,married,good
5.53,8,no,no,12,2,male,white,married,good
4.09,5,no,no,12,4,male,black,married,good
4.55,5,no,no,12,3,male,white,married,good
18.74,7,no,no,10,2,male,white,married,bad
4.12,12,no,no,16,3,male,white,married,good
5.77,20,no,no,5,4,male,white,married,bad
4.81,3,no,no,12,3,male,white,single,good
5.77,6,no,no,12,3,male,white,married,good
4.81,42,no,no,5,3,female,white,married,good
8.65,22,no,no,12,3,male,white,married,good
1.92,3,no,no,10,4,female,white,married,good
5.93,29,no,no,8,4,male,white,married,bad
6.01,8,no,no,12,3,male,white,married,good
3.35,4,no,no,12,3,male,white,single,good
6.01,32,no,no,8,3,male,white,married,good
2.96,2,no,no,12,4,male,white,single,good
10.82,24,no,no,16,3,male,white,married,good
4.81,23,no,no,12,4,male,white,married,good
8.79,40,no,no,12,3,male,white,married,good
11.6,14,no,no,12,3,male,white,married,bad
4.81,5,no,no,12,4,male,white,single,good
3.75,44,no,no,8,4,male,white,married,good
5.29,12,no,no,16,4,male,white,married,good
6.5,9,no,no,12,3,male,white,married,good
5.82,30,no,no,10,4,male,white,married,good
1.79,2,no,no,12,3,male,white,single,good
4.28,3,no,no,12,4,male,white,single,good
1.98,25,no,no,10,3,female,white,married,bad
2.31,9,no,no,12,3,female,white,married,good
3.5,10,no,no,10,3,female,black,married,good
4.37,2,no,no,12,3,female,white,married,good
2.26,23,no,no,8,3,female,white,married,bad
3.75,19,no,no,10,2,female,white,single,good
3.75,34,no,no,12,3,female,white,married,bad
2.64,8,no,no,12,4,female,white,married,good
2.26,21,no,no,10,3,female,white,single,good
1.83,11,no,no,10,4,female,white,married,bad
2.88,20,no,no,13,3,female,white,single,bad
1.98,10,no,no,5,3,female,white,single,bad
1.98,27,no,no,10,2,female,white,married,bad
1.98,25,no,no,8,3,female,white,married,good
3.37,9,no,no,10,2,female,white,married,good
1.98,19,no,no,8,3,female,white,single,good
1.92,26,no,no,5,3,female,white,married,bad
3.37,11,no,no,10,3,female,white,married,good
3.75,36,no,no,5,4,male,white,married,good
3.75,6,no,no,12,4,female,white,married,good
6.59,33,no,no,12,3,male,white,married,good
3.75,35,no,no,10,3,male,black,married,good
7.96,42,no,no,10,3,male,white,married,bad
3.75,28,no,no,12,2,male,white,married,good
6.61,11,no,no,12,3,male,white,married,good
8.65,42,no,no,10,3,male,black,married,good
5.02,33,no,no,12,2,male,white,married,good
11.54,42,no,no,10,3,male,white,single,good
5.9,25,no,no,12,3,male,white,married,good
3.75,6,no,no,8,3,male,black,married,good
8.7,41,no,no,12,4,male,white,married,good
21.54,34,no,no,12,3,male,white,married,good
3.27,27,no,no,12,3,female,white,married,bad
3.3,17,no,no,10,3,female,white,single,good
5.49,44,no,no,12,3,male,white,married,good
2.4,42,no,no,10,3,female,white,single,good
4.09,1,no,no,12,3,male,white,single,good
1.98,35,no,no,5,4,male,black,married,good
7.21,42,no,no,10,3,male,white,married,good
8.5,4,no,no,16,3,male,white,married,good
1.98,1,no,no,8,3,female,white,married,good
7.18,18,no,no,10,3,male,white,married,good
4.81,6,no,no,16,5,male,white,married,good
5.24,15,no,no,12,3,male,white,married,good
9.13,24,no,no,12,4,male,white,married,good
3.75,25,no,no,12,3,female,white,married,good
7.69,40,no,no,12,4,male,black,single,good
8.6,31,no,no,5,4,male,black,married,good
5.29,20,no,no,10,2,male,white,married,good
2.4,0,no,no,8,2,male,white,single,bad
3.21,5,no,no,12,3,male,white,married,bad
6.67,15,no,no,10,2,female,white,married,good
3.85,5,no,no,13,4,male,black,married,good
8.49,36,no,no,12,3,male,white,married,good
7.21,18,no,no,10,2,male,white,married,good
3.33,22,no,no,13,2,male,white,married,good
4.27,2,no,no,12,3,female,white,single,good
2.88,4,no,no,13,4,male,white,single,good
4.09,10,no,no,12,2,male,white,married,good
2.75,36,no,no,10,3,female,black,married,good
4.12,9,no,no,8,4,female,black,single,good
9.62,15,no,no,12,4,male,white,married,good
5.53,5,no,no,12,3,male,white,married,good
4.01,5,no,no,13,3,female,white,married,good
3.41,4,no,no,14,3,male,white,married,good
6.92,3,no,no,12,3,male,white,married,good
3.75,12,no,no,12,3,female,black,married,bad
7.96,5,no,no,12,4,male,white,single,good
3.75,6,no,no,8,4,female,black,married,good
4.28,7,no,no,12,3,female,white,single,good
2.31,35,no,no,5,1,male,white,married,good
3.8,15,no,no,12,3,female,white,married,bad
4.09,5,no,no,12,3,male,white,single,good
3.85,12,no,no,12,3,female,white,married,good
3.75,23,no,no,10,2,female,white,married,good
3.0,10,no,no,12,4,male,black,single,good
3.96,1,no,no,16,3,male,black,single,good
8.55,20,no,no,12,3,male,white,married,good
3.75,14,no,no,10,4,male,black,married,good
6.0,1,no,no,8,3,male,white,married,good
4.81,6,no,no,12,2,male,white,married,good
2.5,26,no,no,12,3,male,white,married,good
4.32,18,no,no,10,3,female,black,single,good
1.27,4,no,no,12,3,male,white,single,good
5.77,13,no,no,12,2,female,white,married,good
4.2,33,no,no,10,2,male,white,married,good
13.74,28,no,no,12,3,male,white,married,good
2.56,4,no,no,16,3,male,white,married,good
5.13,42,no,no,13,4,male,white,married,good
7.21,39,no,no,5,3,male,white,married,good
4.24,7,no,no,13,3,male,white,married,good
4.1,38,no,no,12,2,male,white,married,good
8.5,19,no,no,12,3,male,white,married,good
5.94,29,no,no,12,3,male,white,married,good
10.54,35,no,no,10,3,male,black,married,good
3.5,18,no,no,10,3,male,white,married,good
5.95,8,no,no,13,3,male,white,married,good
8.89,20,no,no,13,4,male,white,married,good
5.73,34,no,no,5,2,male,white,married,good
1.05,29,no,no,5,3,male,black,married,good
3.85,8,no,no,13,4,male,white,married,good
2.88,4,no,no,12,3,male,white,single,good
8.44,15,no,no,12,4,male,white,married,good
3.61,6,no,no,12,5,male,white,single,good
5.77,20,no,no,12,3,male,white,single,good
3.33,35,no,no,8,3,male,black,married,good
7.96,44,no,no,5,2,male,white,married,bad
4.49,17,no,no,10,5,male,white,married,good
2.38,3,no,no,13,4,male,white,single,good
5.08,40,no,no,12,3,male,white,married,good
5.31,18,no,no,12,4,male,white,married,good
5.31,23,no,no,12,3,male,white,single,good
6.54,10,no,no,10,4,male,white,married,good
7.43,18,no,no,10,3,male,black,single,good
5.29,42,no,no,12,3,male,white,married,good
11.09,38,no,no,8,3,male,white,married,good
3.33,5,no,no,13,4,male,black,single,good
3.27,25,no,no,8,2,male,white,married,good
3.85,26,no,no,8,2,male,white,married,good
8.04,11,no,no,12,3,male,white,married,good
4.62,16,no,no,10,3,male,white,married,good
7.96,40,no,no,5,4,male,white,married,good
4.85,7,no,no,12,4,male,white,married,good
6.97,17,no,no,12,3,male,white,single,good
4.81,44,no,no,12,3,male,white,married,good
3.02,6,no,no,12,3,male,white,married,bad
3.98,8,no,no,12,3,male,white,married,good
5.56,31,no,no,12,3,male,white,single,good
7.32,26,no,no,12,3,male,white,married,good
7.69,20,no,no,10,3,male,white,married,good
6.29,22,no,no,13,2,male,white,married,good
9.62,11,no,no,12,3,male,white,married,good
7.63,8,no,no,13,4,male,white,married,good
4.29,40,no,no,5,3,male,white,married,good
25.64,13,no,no,10,3,male,white,married,good
4.24,3,no,no,12,4,male,white,single,good
3.87,10,no,no,12,4,male,white,married,good
5.73,18,no,no,10,3,male,white,married,good
3.5,5,no,no,12,3,female,white,married,good
5.05,16,no,no,10,3,male,black,married,good
7.96,10,no,no,12,3,male,white,married,good
7.96,10,no,no,12,4,male,white,married,good
3.41,3,no,no,12,3,male,white,single,good
5.73,40,no,no,8,3,male,white,single,good
8.89,35,no,no,12,3,male,white,married,good
4.81,28,no,no,10,3,male,white,married,good
4.81,16,no,no,14,3,male,white,married,good
3.75,19,no,no,12,3,male,black,single,good
13.41,11,no,no,10,4,male,white,married,good
5.09,10,no,no,12,2,male,white,married,good
2.88,4,no,no,12,4,male,black,single,good
3.21,2,no,no,14,4,male,black,single,good
4.55,5,no,no,12,3,male,white,single,good
5.77,31,no,no,10,2,male,white,single,good
8.85,28,no,no,14,3,male,white,married,good
4.41,9,no,no,10,3,male,white,married,good
4.27,12,no,no,13,3,male,white,married,good
10.12,17,no,no,13,3,male,white,married,good
5.29,37,no,no,13,3,male,black,married,good
5.73,35,no,no,8,2,male,white,married,good
7.63,35,no,no,12,3,male,white,married,good
7.69,10,no,no,13,4,male,white,married,good
6.08,42,no,no,12,3,male,white,married,bad
7.49,27,no,no,12,3,male,white,single,good
6.37,5,no,no,13,3,male,white,married,good
6.41,5,no,no,12,3,female,white,single,good
1.98,3,no,no,12,3,male,white,single,good
3.85,37,no,no,5,3,male,black,single,bad
7.05,14,no,no,12,3,male,white,single,good
5.13,21,no,no,13,3,male,white,married,good
6.35,7,no,no,10,3,male,white,married,good
6.69,27,no,no,12,3,male,white,married,good
4.62,1,no,no,13,3,male,white,single,good
5.02,31,no,no,13,3,male,white,married,good
4.23,42,no,no,5,2,male,white,married,good
4.33,45,no,no,5,3,male,black,married,bad
6.54,34,no,no,10,3,male,white,married,good
7.13,9,no,no,13,4,male,white,single,good
3.85,3,no,no,10,4,male,white,married,good
2.17,2,no,no,10,3,female,white,married,good
5.29,36,no,no,10,3,male,black,married,good
6.49,27,no,no,12,3,female,white,married,good
10.19,39,no,no,12,4,male,white,married,good
5.79,9,no,no,16,4,male,white,married,good
3.82,47,no,no,12,3,male,white,single,good
12.54,13,no,no,12,3,male,white,married,good
7.69,28,no,no,10,3,male,white,married,good
8.55,26,no,no,12,3,male,white,married,good
5.92,34,no,no,12,2,male,white,married,good
13.74,28,no,no,12,4,male,white,married,good
2.12,17,no,no,14,2,female,white,married,good
16.14,10,no,no,13,2,male,white,married,good
1.32,21,no,no,10,3,male,white,married,bad
1.79,15,no,no,12,4,male,white,married,good
2.32,15,no,no,13,4,male,white,married,good
3.7,11,no,no,12,3,male,white,married,good
6.75,37,no,no,10,3,male,white,married,good
8.44,43,no,no,5,3,male,white,married,good
26.24,37,no,no,12,2,male,white,married,good
8.88,24,no,no,12,3,male,white,married,good
2.5,17,no,no,10,3,male,white,married,good
7.28,16,no,no,12,3,male,white,married,good
7.84,36,no,no,12,3,male,white,married,good
26.24,37,no,no,12,3,male,white,married,good
6.33,38,no,no,8,3,male,white,married,good
4.16,9,no,no,12,4,male,white,married,good
3.21,36,no,no,5,4,male,white,married,good
2.02,41,no,no,5,2,female,white,single,good
9.23,10,no,no,12,3,male,white,married,good
2.68,33,no,no,5,3,male,white,married,good
8.65,5,no,no,14,4,female,white,married,good
2.08,1,no,no,12,4,female,white,single,good
6.25,47,no,no,5,4,female,black,married,bad
1.92,8,no,no,12,2,male,white,married,good
3.08,6,no,no,10,2,male,white,married,good
2.11,12,no,no,12,3,female,white,married,good
3.46,26,no,no,5,1,female,white,single,good
4.81,14,no,no,10,3,male,white,married,good
3.37,13,no,no,5,3,female,white,single,good
5.77,39,no,no,5,2,male,white,married,good
3.34,10,no,no,13,2,male,white,married,good
7.26,27,no,no,10,3,male,white,married,bad
3.73,5,no,no,13,3,male,white,married,good
2.21,6,no,no,12,3,female,white,single,good
2.92,32,no,no,8,3,male,white,married,bad
3.53,1,no,no,8,4,male,black,married,good
1.8,8,no,no,12,4,female,white,married,good
2.6,15,no,no,10,4,female,white,married,good
1.17,1,no,no,12,2,male,black,single,good
1.88,25,no,no,10,3,female,white,single,good
2.88,15,no,no,10,3,female,black,married,good
1.92,7,no,no,12,4,female,white,married,good
1.88,1,no,no,12,4,female,white,single,good
3.37,12,no,no,12,3,female,white,married,good
1.82,3,no,no,10,3,female,white,single,good
1.46,2,no,no,10,4,male,black,married,good
2.26,3,no,no,10,3,female,white,married,good
2.07,2,no,no,12,2,female,white,single,good
3.54,16,no,no,13,3,male,white,married,good
1.26,32,no,no,5,1,female,black,single,good
2.26,20,no,no,10,3,female,white,married,good
3.95,17,no,no,12,3,female,white,married,good
2.65,15,no,no,5,3,female,white,single,good
3.75,19,no,no,8,2,female,white,married,good
2.26,37,no,no,5,3,male,white,single,bad
2.19,29,no,no,10,3,female,black,single,good
2.19,5,no,no,13,2,female,white,single,bad
3.21,7,no,no,5,3,female,white,single,good
2.47,23,no,no,5,2,female,white,single,good
3.0,5,no,no,12,4,female,white,single,good
3.75,29,no,no,8,3,male,white,single,good
2.0,13,no,no,12,3,female,white,single,good
2.26,10,no,no,12,2,female,white,married,good
2.88,12,no,no,13,4,female,white,married,good
4.69,7,no,no,12,3,female,white,married,good
3.95,9,no,no,12,3,female,white,married,good
6.54,4,no,no,12,3,male,white,married,good
3.57,26,no,no,12,3,female,white,single,good
5.31,15,no,no,17,3,male,white,married,good
2.63,19,no,no,10,4,female,white,married,good
4.33,22,no,no,16,3,male,white,married,bad
2.25,12,no,no,5,1,female,black,single,good
2.75,11,no,no,10,3,female,white,married,good
3.29,6,no,no,12,3,female,white,married,good
5.77,13,no,no,14,4,male,white,married,good
4.74,8,no,no,13,4,female,white,single,good
4.12,7,no,no,13,3,female,white,single,good
2.89,12,no,no,10,3,female,black,single,good
6.96,11,no,no,13,3,male,white,married,good
6.41,41,no,no,12,2,male,white,married,good
4.28,7,no,no,12,3,female,white,married,good
1.28,9,no,no,13,4,female,white,married,good
2.56,40,no,no,10,3,female,white,single,good
4.62,7,no,no,14,4,female,black,married,good
1.98,9,no,no,12,3,female,white,married,good
1.92,13,no,no,13,4,female,white,single,good
1.8,33,no,no,13,2,female,white,married,bad
1.98,17,no,no,14,3,female,white,single,good
2.0,3,no,no,13,2,female,black,single,good
2.11,8,no,no,16,3,female,white,single,good
2.11,3,no,no,10,4,female,white,married,good
2.77,9,no,no,13,3,male,white,single,good
3.46,30,no,no,10,3,female,white,single,good
6.0,5,no,no,13,4,female,white,single,good
4.81,13,no,no,12,3,male,black,married,good
2.33,5,no,no,12,2,female,white,married,good
3.57,9,no,no,16,4,female,white,single,good
1.98,8,no,no,13,3,female,white,single,good
5.13,20,no,no,10,2,female,black,married,good
4.47,3,no,no,13,3,female,white,single,good
2.07,5,no,no,12,5,female,white,single,good
6.97,20,no,no,13,3,female,white,married,good
1.98,2,no,no,12,3,female,white,single,good
4.62,7,no,no,12,3,female,white,single,good
3.21,5,no,no,13,3,male,white,single,good
1.8,46,no,no,14,3,female,white,single,good
4.62,10,no,no,12,3,female,white,married,good
6.11,27,no,no,12,3,male,white,married,good
5.73,39,no,no,16,3,male,black,married,good
3.57,13,no,no,13,4,male,white,married,good
1.58,27,no,no,12,4,male,white,married,good
4.21,7,no,no,12,4,male,white,married,good
1.75,18,no,no,12,3,female,white,single,good
2.15,6,no,no,12,1,female,white,married,good
1.02,11,no,no,13,3,female,white,married,good
2.4,10,no,no,12,2,female,black,married,good
2.83,28,no,no,13,3,female,black,single,good
3.29,2,no,no,10,3,female,white,married,good
1.98,45,no,no,12,3,female,white,single,good
23.16,9,no,no,10,3,male,white,single,good
5.49,13,no,no,12,4,female,white,married,good
3.0,40,no,no,13,3,male,white,single,good
3.29,10,no,no,12,4,female,white,single,bad
2.88,15,no,no,12,4,female,white,single,good
2.63,12,no,no,10,3,female,white,married,good
5.82,20,no,no,17,2,female,white,single,good
1.09,8,no,no,10,2,female,white,married,good
1.28,13,no,no,12,4,female,white,married,good
6.25,3,no,no,12,3,female,white,single,good
2.88,7,no,no,14,4,male,white,married,good
7.69,18,no,no,12,4,male,white,married,good
7.14,13,no,no,12,4,male,white,married,good
6.93,36,no,no,12,3,male,white,married,good
1.56,4,no,no,12,3,male,white,single,good
1.98,8,no,no,10,3,female,white,single,good
8.75,24,no,no,16,3,male,white,single,good
4.81,31,no,no,12,2,male,white,married,good
4.71,16,no,no,13,3,male,white,married,good
4.87,10,no,no,13,3,male,white,married,good
4.62,10,no,no,13,4,male,white,married,good
2.4,12,no,no,12,4,male,white,single,good
5.34,20,no,no,12,2,male,white,married,good
4.21,13,no,no,12,3,male,white,married,good
4.72,9,no,no,13,4,male,white,married,good
12.82,15,no,no,13,3,male,white,married,good
6.73,34,no,no,10,3,male,white,married,good
5.39,8,no,no,14,3,male,white,married,good
5.31,3,no,no,17,4,male,white,single,good
10.58,19,no,no,16,4,male,white,single,good
8.65,10,no,no,13,3,male,white,married,good
4.17,13,no,no,10,3,male,white,married,good
6.81,7,no,no,12,3,male,white,single,good
9.62,21,no,no,16,3,male,white,married,good
1.22,10,no,no,5,3,female,white,single,good
1.79,20,no,no,8,3,female,white,married,good
1.61,25,no,no,12,3,female,black,single,good
1.68,4,no,no,12,2,female,white,married,good
3.29,35,no,no,12,3,female,black,single,good
2.31,15,no,no,10,3,female,black,married,good
1.92,24,no,no,16,3,female,white,single,bad
